Rank,Keyword
1,SaaS
2,customer retention
3,customer retention tools
4,customer satisfaction
5,customer engagement
6,predictive analytics
7,churn prevention
8,customer feedback
9,continuous improvement
10,software as a service
11,long-term business success
12,personalized offerings
13,exceptional customer experiences
14,user retention rates
15,customer lifetime value
16,early warning signs
17,targeted marketing campaigns
18,product enhancements
19,loyal advocates
20,sustainable growth.
